Үнэ,Дүүрэг,Талбай (м.кв),Ашиглалтад орсон,Барилгын давхар,Хэдэн давхарт,Цонхны тоо,Гараж
2.8 сая ₮,Баянзүрх,60,2013,12,12,2,Байхгүй
4.2 сая ₮,Сүхбаатар,"106,65",2023,4,4,4,Байгаа
95 сая ₮,Сонгинохайрхан,23.32,2000,11,11,4,Байхгүй
3.4 сая ₮,Сүхбаатар,51.67,2022,12,9,2,Байхгүй
130 сая ₮,Сонгинохайрхан,88,1982,2,1,2,Байхгүй
160 сая ₮,Хан-Уул,47,2022,16,10,3,Байхгүй
295 сая ₮,Баянзүрх,108.6,2009,15,4,3,Байгаа
2.5 сая ₮,Хан-Уул,70.44,2023,14,3,4,Байхгүй
2.8 сая ₮,Баянзүрх,60,2013,12,12,2,Байхгүй
200 сая ₮,Хан-Уул,"95,14",2023,13,7,4,Байхгүй
147 сая ₮,Баянзүрх,50.77,2023,5,3,2,Байгаа
3.1 сая ₮,Хан-Уул,79.8,2015,6,3,5,Байгаа
4.2 сая ₮,Сүхбаатар,"106,65",2023,4,4,4,Байгаа
115 сая ₮,Баянгол,45,1986,9,5,3,Байхгүй
170 сая ₮,Баянгол,210мк,2010,1,1,8+,Байгаа
4.2 сая ₮,Хан-Уул,80,2023,16,8,4,Байгаа
3.1 сая ₮,Баянзүрх,55.31,2023,9,9,3,Байхгүй
170 сая ₮,Баянгол,80 m2,1990,9,3,4,Байхгүй
105 сая ₮,Сонгинохайрхан,45.8,2011,12,2,2,Байхгүй
85 сая ₮,Сонгинохайрхан,47,2011,5,3,2,Байхгүй
150 сая ₮,Сүхбаатар,"51,35",2023,16,7,2,Байхгүй
360 сая ₮,Сүхбаатар,103,2020,13,4,4,Байхгүй
2.3 сая ₮,Хан-Уул,87.77,2021,9,4,3,Байгаа
170 сая ₮,Баянгол,210мк,2019,1,1,8+,Байгаа
95 сая ₮,Сонгинохайрхан,23.32,2000,11,11,4,Байхгүй
180 сая ₮,Баянгол,80 m2,1988,9,8,4,Байхгүй
2.5 сая ₮,Чингэлтэй,60,2001,6,5,3,Байхгүй
910 сая ₮,Сүхбаатар,130,2021,24,21,5,Байгаа
388 сая ₮,Хан-Уул,65,2023,23,18,3,Байхгүй
93 сая ₮,Баянгол,35.2,2020,16,15,2,Байхгүй
122 сая ₮,Баянзүрх,44,2014,12,10,3,Байхгүй
3.2 сая ₮,Хан-Уул,53,2023,14,3,2,Байгаа
180 сая ₮,Баянгол,80,1989,9,9,4,Байхгүй
385 сая ₮,Баянзүрх,177,2006,4,1,8+,Байхгүй
115 сая ₮,Баянгол,18,1995,9,4,2,Байхгүй
95 сая ₮,Сонгинохайрхан,23.32,2000,11,11,4,Байхгүй
360 сая ₮,Баянзүрх,92,2014,12,7,4,Байгаа
95 сая ₮,Сонгинохайрхан,23.32,2002,11,11,4,Байхгүй
295 сая ₮,Хан-Уул,83.8,2014,16,3,4,Байхгүй
4 сая ₮,Баянзүрх,113.18,2018,13,5,5,Байгаа
75 сая ₮,Баянзүрх,29.43,2019,9,6,1,Байхгүй
110 сая ₮,Баянгол,44,2015,9,9,2,Байхгүй
80 сая ₮,Чингэлтэй,53,2023,12,10,2,Байгаа
56 сая ₮,Чингэлтэй,40,2023,12,6,2,Байгаа
180 сая ₮,Баянгол,78,2014,6,5,5,Байхгүй
76 сая ₮,Баянзүрх,"29,3",2019,9,6,1,Байхгүй
2.6 сая ₮,Хан-Уул,"94,1",2014,16,3,5,Байхгүй
155 сая ₮,Баянзүрх,44,2014,12,4,2,Байхгүй
136 сая ₮,Баянзүрх,72,1999,5,3,4,Байхгүй
3.1 сая ₮,Баянзүрх,68,2019,16,12,4,Байхгүй
4.2 сая ₮,Хан-Уул,139,2023,3,2,8+,Байгаа
135 сая ₮,Баянгол,54,1985,5,4,3,Байхгүй
3.1 сая ₮,Баянзүрх,53.48,2023,7,6,4,Байхгүй
220 сая ₮,Хан-Уул,"61,52",2021,12,12,4,Байхгүй
118 сая ₮,Баянзүрх,36.02,2014,10,4,2,Байхгүй
4 сая ₮,Хан-Уул,38.63,2022,16,4,3,Байхгүй
140 сая ₮,Баянгол,55,2008,12,9,3,Байхгүй
185 сая ₮,Баянгол,88,1999,9,2,4,Байхгүй
100 сая ₮,Сонгинохайрхан,50м2,2016,9,9,2,Байхгүй
2.5 сая ₮,Баянзүрх,"46,8",2023,13,4,2,Байхгүй
105 сая ₮,Хан-Уул,57,2023,16,10,2,Байхгүй
154 сая ₮,Баянгол,57,2013,12,12,3,Байхгүй
3 сая ₮,Баянзүрх,"52,6",2019,16,3,2,Байгаа
3 сая ₮,Баянзүрх,36.02,2013,10,4,2,Байхгүй
210 сая ₮,Баянгол,75,2023,17,14,4,Байхгүй
122 сая ₮,Баянзүрх,44,2014,12,10,3,Байхгүй
295 сая ₮,Хан-Уул,87,2010,5,2,4,Байхгүй
263 сая ₮,Сүхбаатар,105,2006,5,5,6,Байгаа
125 сая ₮,Баянгол,54,1999,9,4,4,Байхгүй
175 сая ₮,Баянзүрх,57.8,2017,12,3,4,Байгаа
0.5 сая ₮,Баянзүрх,80.6,2012,12,11,3,Байхгүй
160 сая ₮,Хан-Уул,66,2013,5,5,2,Байхгүй
2.5 сая ₮,Баянзүрх,44.25,2019,12,1,2,Байхгүй
97 сая ₮,Баянгол,38,2013,16,6,2,Байхгүй
3.1 сая ₮,Сүхбаатар,53,2023,16,15,2,Байхгүй
2.8 сая ₮,Баянзүрх,"62,5м2",2022,12,4,3,Байхгүй
225 сая ₮,Баянгол,74,2019,5,5,5,Байхгүй
138 сая ₮,Баянгол,48,1980,9,2,2,Байхгүй
85 сая ₮,Баянзүрх,18,1985,5,3,3,Байхгүй
150 сая ₮,Баянгол,29,1989,9,1,4,Байхгүй
2.9 сая ₮,Баянзүрх,49.10,2023,16,9,2,Байхгүй
98 сая ₮,Баянгол,38,2012,16,6,2,Байхгүй
170 сая ₮,Хан-Уул,60,2021,12,5,2,Байхгүй
4.5 сая ₮,Хан-Уул,84.46,2022,2,2,4,Байгаа
3 сая ₮,Баянзүрх,39.5,2023,5,3,2,Байхгүй
105 сая ₮,Сонгинохайрхан,42,2011,12,1,2,Байхгүй
339 сая ₮,Баянгол,170,2000,9,1,7,Байхгүй
3.8 сая ₮,Баянгол,155,2018,16,16,6,Байхгүй
2.8 сая ₮,Баянзүрх,70.44,2023,23,14,4,Байхгүй
4.1 сая ₮,Хан-Уул,106,2019,10,3,6,Байгаа
3.1 сая ₮,Сүхбаатар,54.23м²,2023,16,15,2,Байхгүй
110 сая ₮,Баянзүрх,34,2012,6,5,2,Байхгүй
190 сая ₮,Сүхбаатар,44,1985,5,2,3,Байхгүй
3.2 сая ₮,Баянзүрх,76.83,2013,16,5,3,Байхгүй
140 сая ₮,Баянзүрх,50.26,2020,16,3,2,Байхгүй
2.9 сая ₮,Баянгол,45.3,2023,17,12,2,Байхгүй
95 сая ₮,Баянзүрх,32.47,1985,4,1,2,Байхгүй
75 сая ₮,Сонгинохайрхан,"34,1",2017,5,3,2,Байхгүй
87 сая ₮,Баянзүрх,50,2023,10,6,2,Байгаа
115 сая ₮,Баянзүрх,29,2014,10,5,2,Байхгүй
94 сая ₮,Баянгол,29.34,2013,5,1,2,Байхгүй
3.2 сая ₮,Баянгол,"62,41",2015,12,10,3,Байхгүй
217 сая ₮,Хан-Уул,62.57м.кв,2022,12,3,2,Байгаа
190 сая ₮,Хан-Уул,78.56,2014,10,2,3,Байхгүй
2.8 сая ₮,Хан-Уул,"83,2",2022,16,16,4,Байгаа
4.2 сая ₮,Баянгол,52.19,2021,16,11,3,Байхгүй
2.3 сая ₮,Хан-Уул,59.91,2019,13,13,2,Байхгүй
80 сая ₮,Хан-Уул,50,2023,12,4,2,Байхгүй
1.4 сая ₮,Чингэлтэй,52,2014,15,15,2,Байхгүй
112 сая ₮,Баянзүрх,44,2013,10,5,2,Байхгүй
224 сая ₮,Баянзүрх,83,1995,5,1,3,Байхгүй
2.5 сая ₮,Хан-Уул,87.77,2021,12,4,3,Байгаа
1.9 сая ₮,Хан-Уул,58.92,2023,12,7,2,Байхгүй
2.8 сая ₮,Баянгол,94.1,2016,9,3,4,Байхгүй
96 сая ₮,Баянзүрх,36,1981,5,4,2,Байхгүй
2.7 сая ₮,Баянгол,"94,1",2012,10,3,5,Байхгүй
4.6 сая ₮,Сүхбаатар,"60,64",2009,12,5,2,Байхгүй
120 сая ₮,Баянгол,18,1980,9,9,2,Байхгүй
210 сая ₮,Баянзүрх,80,2014,6,1,6,Байхгүй
3.1 сая ₮,Хан-Уул,154м2,2016,10,10,6,Байгаа
150 сая ₮,Баянзүрх,1,2000,5,2,4,Байхгүй
3.3 сая ₮,Баянзүрх,70,2010,12,11,4,Байхгүй
122 сая ₮,Хан-Уул,47,1985,6,6,3,Байхгүй
3.3 сая ₮,Баянзүрх,70.25,2010,12,11,4,Байхгүй
190 сая ₮,Баянзүрх,49,2015,10,10,4,Байхгүй
2.8 сая ₮,Сүхбаатар,25м2,2023,16,9,4,Байгаа
150 сая ₮,Баянгол,60,1999,9,8,3,Байхгүй
100 сая ₮,Сонгинохайрхан,47.8,2010,12,2,3,Байхгүй
105 сая ₮,Баянзүрх,40,1998,9,9,2,Байхгүй
125 сая ₮,Баянзүрх,60,1988,9,3,3,Байхгүй
240 сая ₮,Сүхбаатар,90,1990,9,8,4,Байхгүй
190 сая ₮,Сүхбаатар,44,1980,5,2,3,Байхгүй
145 сая ₮,Баянзүрх,43.8,2014,12,2,2,Байхгүй
100 сая ₮,Баянгол,40,2012,6,6,3,Байхгүй
2.3 сая ₮,Баянзүрх,200,2020,12,2,7,Байхгүй
156 сая ₮,Баянгол,53,2013,12,6,2,Байхгүй
110 сая ₮,Сонгинохайрхан,44,2018,12,3,3,Байхгүй
110 сая ₮,Сонгинохайрхан,44,2018,12,3,3,Байхгүй
124 сая ₮,Хан-Уул,51,2023,16,3,2,Байхгүй
90 сая ₮,Баянзүрх,32.4,2011,17,9,2,Байхгүй
150 сая ₮,Хан-Уул,"61,48",2023,12,2,4,Байгаа
155 сая ₮,Баянгол,44.5,2015,11,3,2,Байхгүй
1.3 сая ₮,Баянгол,64.55м2,2009,6,2,3,Байхгүй
230 сая ₮,Баянзүрх,60,2012,15,11,3,Байхгүй
150 сая ₮,Баянгол,60,1990,12,7,3,Байхгүй
200 сая ₮,Сүхбаатар,30,1991,5,4,3,Байхгүй
375 сая ₮,Баянзүрх,150,2005,6,5,8+,Байхгүй
85 сая ₮,Сонгинохайрхан,48,1986,5,5,2,Байхгүй
125 сая ₮,Сонгинохайрхан,50,1984,9,6,3,Байхгүй
3.4 сая ₮,Сүхбаатар,"37,9",2022,16,11,2,Байхгүй
105 сая ₮,Баянзүрх,40,1998,9,9,2,Байхгүй
2.4 сая ₮,Хан-Уул,131,2018,12,12,4,Байхгүй
350 сая ₮,Баянзүрх,100,2012,16,13,3,Байгаа
140 сая ₮,Чингэлтэй,45.45,2023,16,7,2,Байхгүй
2.7 сая ₮,Баянзүрх,58.53 m.kv,2023,6,5,3,Байхгүй
185 сая ₮,Баянзүрх,55m,2010,12,8,3,Байхгүй
168 сая ₮,Сонгинохайрхан,80,1990,9,5,4,Байхгүй
339 сая ₮,Баянгол,144m2,2000,9,1,7,Байхгүй
0.5 сая ₮,Баянзүрх,70,2015,16,6,4,Байхгүй
2.6 сая ₮,Хан-Уул,"79,5",2017,12,9,4,Байгаа
165 сая ₮,Баянгол,45,2008,12,4,5,Байхгүй
1.9 сая ₮,Сүхбаатар,68.01,2023,16,4,3,Байхгүй
3.8 сая ₮,Баянзүрх,217,2008,6,1,5,Байхгүй
3.2 сая ₮,Баянзүрх,"55,2",2022,16,14,2,Байхгүй
Үнэ: Асуух,Хан-Уул,139,2010,5,3,5,Байгаа
120 сая ₮,Чингэлтэй,40,1990,5,5,3,Байхгүй
2.9 сая ₮,Баянгол,"41,1",2012,10,2,2,Байхгүй
170 сая ₮,Хан-Уул,53м2,2016,16,4,2,Байхгүй
110 сая ₮,Баянзүрх,56,1988,6,4,3,Байхгүй
3.9 сая ₮,Хан-Уул,"119,7",2015,12,2,6,Байхгүй
2.8 сая ₮,Баянзүрх,"57,18",2016,16,3,4,Байхгүй
90 сая ₮,Баянзүрх,29.90,2023,16,15,3,Байхгүй
2.9 сая ₮,Баянгол,88.9,2013,12,8,4,Байхгүй
87 сая ₮,Баянзүрх,33,2014,12,7,2,Байхгүй
37 сая ₮,Сонгинохайрхан,25,2018,5,1,1,Байхгүй
180 сая ₮,Баянгол,40,1990,9,1,4,Байхгүй
250 сая ₮,Баянзүрх,80.4,2011,10,2,3,Байхгүй
2.5 сая ₮,Баянгол,98,2004,6,5,5,Байгаа
5.5 сая ₮,Хан-Уул,140.7,2017,14,11,8+,Байхгүй
2.5 сая ₮,Баянгол,65,1990,5,5,4,Байхгүй
3.3 сая ₮,Баянзүрх,72.8,2023,3,5,4,Байгаа
3 сая ₮,Хан-Уул,73.2,2022,16,2,2,Байхгүй
115 сая ₮,Баянгол,44,2013,16,11,3,Байхгүй
89 сая ₮,Хан-Уул,42.32,2014,9,6,1,Байхгүй
143 сая ₮,Баянзүрх,51,2022,14,2,2,Байхгүй
120 сая ₮,Баянгол,39м.кв,1999,5,5,3,Байхгүй
130 сая ₮,Баянгол,42,2010,9,5,2,Байхгүй
112 сая ₮,Хан-Уул,45.32,2021,12,11,2,Байгаа
3.2 сая ₮,Хан-Уул,58.68,2020,16,9,3,Байхгүй
396 сая ₮,Баянзүрх,"104,22",2014,12,9,3,Байхгүй
4.3 сая ₮,Баянзүрх,85.08,2014,16,14,4,Байгаа
75 сая ₮,Сонгинохайрхан,29мк,2015,15,4,2,Байхгүй
170 сая ₮,Баянзүрх,58.8,2023,7,6,4,Байхгүй
3.3 сая ₮,Баянзүрх,"46,27",2023,11,9,2,Байхгүй
2.5 сая ₮,Сүхбаатар,100,2009,7,5,5,Байгаа
214 сая ₮,Хан-Уул,61,2022,10,2,2,Байгаа
175 сая ₮,Баянзүрх,49.26,2011,16,4,2,Байхгүй
140 сая ₮,Баянзүрх,57.18,2016,16,3,4,Байхгүй
4.2 сая ₮,Баянзүрх,133,2016,16,4,6,Байгаа
2.9 сая ₮,Баянгол,42,2016,10,4,3,Байгаа
2.5 сая ₮,Хан-Уул,82.77,2013,10,6,3,Байгаа
3 сая ₮,Хан-Уул,144,2015,6,1,6,Байгаа
122 сая ₮,Баянзүрх,48,2023,16,11,2,Байхгүй
160 сая ₮,Сүхбаатар,40,1989,9,3,2,Байхгүй
3 сая ₮,Хан-Уул,41,2013,10,6,1,Байхгүй
105 сая ₮,Баянзүрх,40.56,2015,9,4,2,Байхгүй
120 сая ₮,Сонгинохайрхан,40,1990,9,6,3,Байхгүй
140 сая ₮,Баянгол,40,1996,9,8,4,Байхгүй
1 сая ₮,Хан-Уул,41.5,2017,12,5,2,Байгаа
427 сая ₮,Хан-Уул,138,2010,10,10,7,Байгаа
200 сая ₮,Баянгол,40,1990,9,1,4,Байхгүй
80 сая ₮,Баянгол,25.5,2015,12,6,1,Байхгүй
120 сая ₮,Баянзүрх,45.15,2020,6,1,3,Байхгүй
2.5 сая ₮,Сүхбаатар,86,2007,5,4,4,Байгаа
350 сая ₮,Хан-Уул,103.9,2008,12,9,3,Байхгүй
3.2 сая ₮,Баянгол,60.6,2014,12,11,3,Байхгүй
250 сая ₮,Чингэлтэй,100,1980,5,1,3,Байхгүй
136 сая ₮,Сүхбаатар,45.45,2023,16,7,2,Байхгүй
1.3 сая ₮,Баянзүрх,49,2023,10,8,3,Байгаа
2.5 сая ₮,Хан-Уул,51,2023,12,6,2,Байхгүй
360 сая ₮,Баянзүрх,126,2015,14,8,4,Байхгүй
4.1 сая ₮,Баянзүрх,"110,58",2012,16,10,5,Байгаа
85 сая ₮,Налайх,48,2000,5,5,4,Байхгүй
104 сая ₮,Баянгол,45.66,2004,6,2,2,Байхгүй
1.5 сая ₮,Баянзүрх,45,2023,16,16,2,Байгаа
169 сая ₮,Сүхбаатар,54,1990,9,3,3,Байхгүй
2.5 сая ₮,Хан-Уул,114,2023,16,16,4,Байхгүй
211 сая ₮,Баянзүрх,"70,44",2023,23,11,3,Байхгүй
2.3 сая ₮,Сүхбаатар,68.01,2023,16,4,3,Байхгүй
144 сая ₮,Баянзүрх,52.7М2,2011,17,3,3,Байхгүй
80 сая ₮,Сонгинохайрхан,39,2014,4,4,2,Байхгүй
90 сая ₮,Сонгинохайрхан,"55,81",2009,5,1,1,Байхгүй
145 сая ₮,Баянгол,40мк,1996,9,8,3,Байхгүй
3.3 сая ₮,Баянгол,"50,52",2015,12,6,2,Байхгүй
2.1 сая ₮,Баянгол,65,1993,5,5,4,Байхгүй
150 сая ₮,Баянгол,75,1990,9,7,4,Байхгүй
129 сая ₮,Баянгол,55,2010,12,9,5,Байхгүй
112 сая ₮,Хан-Уул,45.32,2021,12,11,2,Байгаа
98 сая ₮,Хан-Уул,33,2015,9,9,1,Байхгүй
3.3 сая ₮,Баянзүрх,"46,27",2023,13,9,2,Байхгүй
3.3 сая ₮,Баянзүрх,"46,27",2023,13,9,2,Байхгүй
105 сая ₮,Баянгол,45.66,2004,6,2,2,Байхгүй
2.5 сая ₮,Баянзүрх,"58,98",2015,12,11,4,Байхгүй
140 сая ₮,Баянгол,54,2012,11,10,2,Байхгүй
120 сая ₮,Баянгол,45,2009,10,1,2,Байхгүй
2.6 сая ₮,Баянзүрх,35.74,2014,16,15,2,Байхгүй
2.2 сая ₮,Хан-Уул,94,2015,6,6,4,Байхгүй
1.5 сая ₮,Баянзүрх,"43,64",2023,16,9,2,Байгаа
98 сая ₮,Хан-Уул,33,2015,9,9,1,Байхгүй
1.9 сая ₮,Баянзүрх,53,2023,12,3,3,Байхгүй
125 сая ₮,Баянзүрх,42,1990,9,5,3,Байхгүй
2.5 сая ₮,Хан-Уул,59.87,2019,12,1,2,Байхгүй
7.5 сая ₮,Хан-Уул,"117,83",2021,23,13,5,Байхгүй
127 сая ₮,Сүхбаатар,"54,41",2015,12,8,4,Байхгүй
3.1 сая ₮,Хан-Уул,49,2018,13,9,2,Байхгүй
180 сая ₮,Хан-Уул,56.25,2015,9,3,2,Байхгүй
117 сая ₮,Сонгинохайрхан,49.52,2008,5,4,5,Байхгүй
175 сая ₮,Баянзүрх,"55,52",2007,15,11,3,Байхгүй
2.7 сая ₮,Сүхбаатар,90,1990,9,4,5,Байхгүй
2.5 сая ₮,Хан-Уул,75.85,2023,15,10,6,Байхгүй
1.7 сая ₮,Сонгинохайрхан,46.71,2015,9,3,3,Байхгүй
2.9 сая ₮,Баянзүрх,"57,1",2013,10,4,3,Байгаа
3.3 сая ₮,Баянзүрх,42.57,2023,15,9,2,Байхгүй
270 сая ₮,Хан-Уул,77,2022,16,4,3,Байхгүй
135 сая ₮,Баянзүрх,39,1980,5,1,2,Байхгүй
125 сая ₮,Баянгол,55,2011,12,12,5,Байхгүй
190 сая ₮,Баянзүрх,24,1980,9,8,3,Байхгүй
135 сая ₮,Сүхбаатар,16,1989,5,3,2,Байхгүй
140 сая ₮,Баянгол,29,1990,5,1,3,Байхгүй
148 сая ₮,Баянзүрх,53,2016,16,2,3,Байхгүй
220 сая ₮,Сүхбаатар,75,2014,9,8,4,Байхгүй
85 сая ₮,Баянзүрх,54,1990,5,3,3,Байхгүй
220 сая ₮,Хан-Уул,70.60,2022,3,2,4,Байхгүй
197 сая ₮,Баянзүрх,65.71,2023,16,2,4,Байхгүй
149 сая ₮,Хан-Уул,49.66,2023,16,9,2,Байхгүй
160 сая ₮,Хан-Уул,57.39,2023,16,5,2,Байхгүй
281 сая ₮,Баянзүрх,80.37,2023,16,6,4,Байхгүй
145 сая ₮,Баянгол,50,2010,5,4,2,Байгаа
145 сая ₮,Баянгол,50,2010,5,4,2,Байгаа
244 сая ₮,Хан-Уул,94,2015,10,9,5,Байхгүй
64 сая ₮,Сүхбаатар,20,2015,12,12,1,Байхгүй
2.9 сая ₮,Баянзүрх,103,2010,10,5,5,Байхгүй
146 сая ₮,Баянзүрх,54,2021,12,7,2,Байхгүй
145 сая ₮,Сүхбаатар,41,2010,9,9,2,Байхгүй
483 сая ₮,Хан-Уул,115,2019,5,1,3,Байхгүй
2.3 сая ₮,Баянгол,45.66,2004,6,2,2,Байхгүй
160 сая ₮,Баянзүрх,53.37 м.кв,2023,7,2,2,Байхгүй
135 сая ₮,Баянзүрх,51,2020,13,11,3,Байхгүй
185 сая ₮,Баянзүрх,57,2016,10,10,2,Байхгүй
130 сая ₮,Баянзүрх,49,2020,16,9,2,Байхгүй
195 сая ₮,Баянзүрх,58,2012,12,2,2,Байхгүй
2.7 сая ₮,Баянзүрх,43,2012,12,7,2,Байхгүй
370 сая ₮,Хан-Уул,150,2011,10,10,5,Байгаа
137 сая ₮,Баянгол,37.93,2022,14,2,2,Байхгүй
310 сая ₮,Хан-Уул,74.62,2017,10,9,4,Байхгүй
114 сая ₮,Сонгинохайрхан,43,2018,15,11,2,Байхгүй
170 сая ₮,Баянзүрх,56,2018,5,1,5,Байхгүй
170 сая ₮,Баянзүрх,56,2018,5,1,5,Байхгүй
2.5 сая ₮,Баянзүрх,33,2012,12,9,1,Байхгүй
84 сая ₮,Сонгинохайрхан,54,1994,4,1,3,Байхгүй
2.5 сая ₮,Баянгол,"60,18",2013,9,5,2,Байхгүй
165 сая ₮,Сонгинохайрхан,40,1987,9,6,4,Байхгүй
380 сая ₮,Чингэлтэй,88,2012,1,1,6,Байгаа
4 сая ₮,Баянзүрх,61,2015,16,1,3,Байхгүй
120 сая ₮,Баянзүрх,46,1985,5,3,3,Байхгүй
3.9 сая ₮,Баянгол,49,2014,12,6,1,Байхгүй
190 сая ₮,Баянзүрх,59,2010,11,10,4,Байхгүй
128 сая ₮,Баянзүрх,44.28,2022,5,4,2,Байхгүй
152 сая ₮,Чингэлтэй,55,2015,12,5,3,Байхгүй
125 сая ₮,Сонгинохайрхан,56,1999,11,11,6,Байхгүй
2.3 сая ₮,Баянзүрх,44,2008,5,2,3,Байхгүй
85 сая ₮,Сонгинохайрхан,54,1982,5,2,4,Байхгүй
2.5 сая ₮,Хан-Уул,52.27,2020,16,10,3,Байхгүй
351 сая ₮,Баянзүрх,120.89,2012,9,2,6,Байхгүй
2.4 сая ₮,Баянзүрх,72.14,2018,9,7,3,Байхгүй
150 сая ₮,Баянзүрх,60,2011,6,6,4,Байхгүй
97 сая ₮,Баянзүрх,30,2021,16,16,1,Байхгүй
3.3 сая ₮,Хан-Уул,84,2022,16,13,4,Байхгүй
30 сая ₮,Сонгинохайрхан,20,2018,5,1,1,Байхгүй
1.5 сая ₮,Хан-Уул,53,2023,12,3,3,Байхгүй
209 сая ₮,Баянгол,"63,46",2023,16,14,3,Байхгүй
72 сая ₮,Сүхбаатар,21,2022,14,12,1,Байхгүй
2.9 сая ₮,Баянзүрх,"57,1",2013,10,4,3,Байгаа
2.7 сая ₮,Баянгол,84,2013,12,5,4,Байгаа
215 сая ₮,Хан-Уул,"61,51",2022,12,9,4,Байхгүй
97 сая ₮,Сүхбаатар,32.55,2023,16,7,1,Байхгүй
220 сая ₮,Хан-Уул,60.88,2014,12,5,3,Байхгүй
284 сая ₮,Баянзүрх,68,2013,12,8,2,Байгаа
3.5 сая ₮,Баянзүрх,45.23,2022,12,12,3,Байхгүй
146 сая ₮,Сүхбаатар,42,2012,5,2,2,Байхгүй
138 сая ₮,Баянзүрх,64м2,2014,10,6,3,Байгаа
129 сая ₮,Баянгол,56,1990,9,6,4,Байхгүй
2.7 сая ₮,Хан-Уул,79.5,2010,5,2,3,Байхгүй
100 сая ₮,Чингэлтэй,"325,83",2010,2,1,8+,Байхгүй
3.8 сая ₮,Хан-Уул,64.92,2022,17,6,4,Байхгүй
4 сая ₮,Чингэлтэй,"115,5",2010,9,4,5,Байгаа
128 сая ₮,Баянзүрх,51.2,2017,12,3,3,Байхгүй
3.1 сая ₮,Сүхбаатар,"75,1",2021,12,5,5,Байхгүй
185 сая ₮,Баянгол,53,2023,15,12,3,Байхгүй
80 сая ₮,Баянзүрх,33.51,2016,6,3,2,Байхгүй
80 сая ₮,Баянзүрх,33.51,2016,6,3,2,Байхгүй
3.9 сая ₮,Хан-Уул,64.92,2022,16,6,4,Байхгүй
2.8 сая ₮,Баянзүрх,26.77,2020,15,10,2,Байхгүй
2.4 сая ₮,Сүхбаатар,94.37,2010,6,3,5,Байхгүй
3.3 сая ₮,Баянзүрх,98.19,2013,16,6,4,Байхгүй
3.3 сая ₮,Баянзүрх,98.19,2013,16,6,4,Байхгүй
90 сая ₮,Сонгинохайрхан,18,1990,9,2,2,Байхгүй
165 сая ₮,Баянзүрх,82.5,2012,10,10,4,Байхгүй
153 сая ₮,Баянзүрх,54,2023,16,14,4,Байхгүй
80 сая ₮,Баянзүрх,34,2014,6,3,1,Байхгүй
3.3 сая ₮,Хан-Уул,94.55,2016,13,2,4,Байхгүй
5.5 сая ₮,Хан-Уул,70,2016,22,1,3,Байхгүй
2.2 сая ₮,Баянзүрх,"46,32",2021,17,15,2,Байхгүй
3 сая ₮,Баянгол,"54,89",2022,16,15,2,Байгаа
228 сая ₮,Баянзүрх,72,2016,12,1,3,Байхгүй
2.5 сая ₮,Баянгол,47,2011,12,8,2,Байхгүй
168 сая ₮,Баянгол,"57,1",2017,12,8,2,Байхгүй
85 сая ₮,Сонгинохайрхан,54,1993,5,1,3,Байхгүй
143 сая ₮,Баянзүрх,55,2011,10,10,5,Байхгүй
72 сая ₮,Баянзүрх,25,2018,15,15,1,Байхгүй
4.8 сая ₮,Баянзүрх,78.39,2014,9,2,4,Байхгүй
2.1 сая ₮,Баянгол,"48,7",2014,5,5,3,Байгаа
2.3 сая ₮,Хан-Уул,49.75,2023,12,2,3,Байхгүй
159 сая ₮,Хан-Уул,60м2,2015,10,9,3,Байгаа
2.2 сая ₮,Чингэлтэй,65.2,2006,10,8,3,Байхгүй
2.7 сая ₮,Баянзүрх,88,2012,12,2,5,Байхгүй
358 сая ₮,Баянгол,99.55,2020,16,2,4,Байхгүй
89 сая ₮,Сонгинохайрхан,18,1993,9,9,2,Байхгүй
165 сая ₮,Хан-Уул,58.34,2020,15,2,3,Байгаа
150 сая ₮,Сонгинохайрхан,хуучнаар 40мкв,1996,9,4,4,Байхгүй
120 сая ₮,Баянгол,52,2019,12,8,3,Байхгүй
77 сая ₮,Баянгол,31,2011,16,4,1,Байхгүй
4.5 сая ₮,Баянзүрх,58.5м2,2020,16,5,2,Байхгүй
290 сая ₮,Баянзүрх,"95,59",2015,14,10,4,Байхгүй
2.1 сая ₮,Сонгинохайрхан,69.7,2010,10,10,3,Байхгүй
160 сая ₮,Сонгинохайрхан,80мкв,1991,9,4,4,Байгаа
69 сая ₮,Баянзүрх,50,2023,12,6,3,Байгаа
3 сая ₮,Хан-Уул,55.67,2021,16,12,2,Байгаа
176 сая ₮,Баянгол,"55,02",2023,6,6,3,Байхгүй
110 сая ₮,Баянгол,51,1980,3,2,2,Байхгүй
3 сая ₮,Сүхбаатар,38,2017,13,5,4,Байхгүй
168 сая ₮,Баянгол,"57,1",2017,12,8,2,Байхгүй
3.7 сая ₮,Хан-Уул,77,2022,15,7,5,Байхгүй
75 сая ₮,Баянгол,26,2007,10,9,1,Байхгүй
3.6 сая ₮,Хан-Уул,74.71м2,2022,16,10,3,Байгаа
1.8 сая ₮,Баянзүрх,"40,8",2023,12,3,3,Байгаа
125 сая ₮,Сонгинохайрхан,48,1989,5,5,4,Байхгүй
Үнэ: Асуух,Баянгол,"45,66",2007,6,4,3,Байхгүй
95 сая ₮,Хан-Уул,35,2023,12,2,2,Байхгүй
227 сая ₮,Баянгол,75.59,2023,16,4,4,Байхгүй
78 сая ₮,Баянзүрх,33.95,2017,5,1,2,Байхгүй
1.6 сая ₮,Баянзүрх,"42,44мк",2023,12,8,2,Байгаа
1.6 сая ₮,Баянзүрх,"60,98мк",2023,10,8,3,Байгаа
1.7 сая ₮,Хан-Уул,"66,59мк",2023,12,6,3,Байгаа
168 сая ₮,Баянгол,"57,1",2017,12,8,2,Байхгүй
1.8 сая ₮,Сонгинохайрхан,50m2,2015,9,3,2,Байхгүй
150 сая ₮,Сонгинохайрхан,"56,68",2015,15,10,2,Байхгүй
168 сая ₮,Баянзүрх,"54,39",2011,6,6,4,Байхгүй
138 сая ₮,Баянзүрх,"45,54",2020,16,2,2,Байхгүй
2.9 сая ₮,Хан-Уул,52.7,2018,13,8,2,Байхгүй
136 сая ₮,Сонгинохайрхан,"58,8",2012,12,1,2,Байхгүй
138 сая ₮,Баянгол,50,1990,5,1,3,Байхгүй
80 сая ₮,Баянгол,25.39м2,2011,12,7,1,Байхгүй
75 сая ₮,Сонгинохайрхан,28,2013,15,7,2,Байхгүй
128 сая ₮,Сонгинохайрхан,55,2002,12,2,2,Байхгүй
150 сая ₮,Сонгинохайрхан,55.8,2014,12,4,3,Байхгүй
160 сая ₮,Чингэлтэй,29,1998,5,2,3,Байхгүй
150 сая ₮,Баянгол,60,2006,5,1,3,Байхгүй
90 сая ₮,Сонгинохайрхан,27m2,1980,5,2,2,Байхгүй
189 сая ₮,Хан-Уул,70,2018,12,5,3,Байгаа
3 сая ₮,Хан-Уул,39,2016,10,6,1,Байхгүй
115 сая ₮,Баянзүрх,41,2016,13,5,3,Байхгүй
150 сая ₮,Баянзүрх,"56,64",2015,16,3,2,Байхгүй
123 сая ₮,Сонгинохайрхан,43.7,2023,16,10,2,Байгаа
165 сая ₮,Сонгинохайрхан,51.75,2023,16,8,3,Байгаа
2.4 сая ₮,Сонгинохайрхан,"55,56",2014,9,7,4,Байхгүй
120 сая ₮,Баянгол,"36,76",2020,16,10,1,Байхгүй
95 сая ₮,Сонгинохайрхан,40.06м.кв,2012,12,8,2,Байхгүй
3.2 сая ₮,Хан-Уул,64.5,2021,16,16,3,Байгаа
125 сая ₮,Хан-Уул,47,2014,6,5,2,Байхгүй
1 сая ₮,Сонгинохайрхан,47.5,2012,10,8,2,Байхгүй
185 сая ₮,Баянзүрх,71.4,2013,12,12,4,Байхгүй
128 сая ₮,Баянгол,"36,76",2020,16,10,1,Байхгүй
1.3 сая ₮,Баянзүрх,1.390.000,2023,16,8,2,Байгаа
2.6 сая ₮,Хан-Уул,54.12,2022,12,8,2,Байхгүй
4.1 сая ₮,Хан-Уул,66,2020,16,4,2,Байхгүй
103 сая ₮,Баянгол,38.4,2013,10,8,2,Байхгүй
3.3 сая ₮,Хан-Уул,"69,7",2014,9,6,3,Байхгүй
2.9 сая ₮,Баянзүрх,70,1993,9,8,4,Байхгүй
4.6 сая ₮,Баянзүрх,"71,11мкв",2017,15,7,2,Байгаа
95 сая ₮,Хан-Уул,50,2006,4,1,3,Байхгүй
215 сая ₮,Сүхбаатар,"43,5",2018,15,4,2,Байхгүй
124 сая ₮,Баянзүрх,"45,15",2023,6,2,3,Байгаа
191 сая ₮,Баянзүрх,"69,65",2023,6,4,4,Байгаа
120 сая ₮,Баянзүрх,43.85,2023,6,5,2,Байгаа
175 сая ₮,Баянзүрх,"63,85",2023,6,4,3,Байгаа
127 сая ₮,Баянзүрх,31,1989,5,3,3,Байхгүй
105 сая ₮,Хан-Уул,42,2019,12,9,2,Байхгүй
99 сая ₮,Баянзүрх,41.13,2018,7,3,3,Байхгүй
134 сая ₮,Баянзүрх,41.55,2021,15,12,2,Байхгүй
126 сая ₮,Сүхбаатар,40,2023,16,3,3,Байхгүй
128 сая ₮,Сүхбаатар,40,2023,16,3,3,Байхгүй
4.1 сая ₮,Хан-Уул,126’5,2018,10,1,5,Байхгүй
125 сая ₮,Сонгинохайрхан,48,1988,9,5,3,Байхгүй
175 сая ₮,Хан-Уул,55,2023,4,2,3,Байхгүй
3.8 сая ₮,Хан-Уул,193,2021,10,9,6,Байгаа
2.8 сая ₮,Баянзүрх,50.3,2015,12,11,2,Байхгүй
165 сая ₮,Сонгинохайрхан,51.75,2023,16,3,3,Байгаа
130 сая ₮,Баянгол,60,1996,9,2,3,Байхгүй
168 сая ₮,Баянгол,55,2008,5,2,2,Байхгүй
3.3 сая ₮,Баянзүрх,88,2022,15,12,3,Байгаа
163 сая ₮,Баянзүрх,49.3,2015,12,7,2,Байхгүй
3.3 сая ₮,Баянгол,105.69,2014,12,12,4,Байгаа
88 сая ₮,Баянзүрх,38,2015,12,9,3,Байхгүй
240 сая ₮,Баянзүрх,80,1990,12,8,5,Байхгүй
225 сая ₮,Хан-Уул,96,2012,8,1,3,Байхгүй
3.1 сая ₮,Баянзүрх,62.39,2020,16,14,2,Байхгүй
100 сая ₮,Баянзүрх,49,2005,6,6,2,Байхгүй
170 сая ₮,Баянзүрх,82.5,2012,10,10,4,Байхгүй
186 сая ₮,Чингэлтэй,62,2017,15,8,2,Байхгүй
123 сая ₮,Сонгинохайрхан,60,1990,9,9,3,Байхгүй
85 сая ₮,Баянзүрх,31.88,2018,12,7,1,Байхгүй
210 сая ₮,Баянзүрх,91.53,2015,10,7,3,Байхгүй
90 сая ₮,Баянгол,18,1986,4,4,3,Байхгүй
2.4 сая ₮,Баянзүрх,88,2021,16,12,3,Байгаа
155 сая ₮,Сүхбаатар,61м2,2016,12,11,3,Байхгүй
75 сая ₮,Баянзүрх,26,2013,6,3,1,Байхгүй
190 сая ₮,Баянзүрх,79м2,2000,5,3,4,Байхгүй
166 сая ₮,Баянгол,64.9,2014,10,2,3,Байхгүй
123 сая ₮,Баянзүрх,36,2011,12,3,2,Байхгүй
170 сая ₮,Баянгол,"57,59",2005,6,5,3,Байгаа
160 сая ₮,Баянгол,40,1989,5,5,4,Байхгүй
90 сая ₮,Сонгинохайрхан,39.3,2013,9,9,2,Байхгүй
300 сая ₮,Хан-Уул,79,2020,12,3,3,Байхгүй
261 сая ₮,Баянзүрх,73,2010,10,4,2,Байгаа
280 сая ₮,Хан-Уул,75,2016,12,9,4,Байхгүй
147 сая ₮,Хан-Уул,46,2022,12,10,2,Байхгүй
1.8 сая ₮,Сонгинохайрхан,56м2,2015,9,8,2,Байхгүй
80 сая ₮,Хан-Уул,30.34,2022,7,3,1,Байхгүй
3.5 сая ₮,Хан-Уул,45,2022,3,1,2,Байхгүй
2 сая ₮,Баянзүрх,"44,36-76,56",2023,16,4,2,Байгаа
165 сая ₮,Сонгинохайрхан,80,2000,9,4,4,Байхгүй
185 сая ₮,Баянзүрх,"71,4",2013,12,12,4,Байхгүй
73 сая ₮,Хан-Уул,30.3,2014,5,2,1,Байхгүй
3.6 сая ₮,Хан-Уул,46.5мкв,2020,15,9,4,Байхгүй
195 сая ₮,Чингэлтэй,74,2008,9,7,3,Байгаа
2.5 сая ₮,Хан-Уул,77.2,2019,12,5,5,Байхгүй
170 сая ₮,Сонгинохайрхан,80,2000,9,4,4,Байхгүй
200 сая ₮,Чингэлтэй,70,1990,5,3,4,Байхгүй
195 сая ₮,Баянзүрх,"63,19",2015,16,10,3,Байхгүй
150 сая ₮,Сүхбаатар,"53,19",2018,10,4,3,Байхгүй
170 сая ₮,Сонгинохайрхан,80,2000,9,4,4,Байхгүй
2.6 сая ₮,Баянгол,51,2008,6,1,4,Байхгүй
2.8 сая ₮,Баянгол,37,2015,9,8,3,Байхгүй
260 сая ₮,Сүхбаатар,64,1985,9,3,5,Байхгүй
2.6 сая ₮,Баянгол,51,2008,6,1,4,Байхгүй
3.4 сая ₮,Хан-Уул,92,2021,10,3,4,Байхгүй
4.2 сая ₮,Хан-Уул,54mk-117mk,2023,15,6,3,Байгаа
2 сая ₮,Баянзүрх,"44,36-76,56",2023,16,14,2,Байгаа
155 сая ₮,Сүхбаатар,54,1990,6,2,3,Байхгүй
2 сая ₮,Баянзүрх,"44,36-76,56",2023,16,3,3,Байгаа
2 сая ₮,Баянзүрх,"44,36-76,56",2023,16,6,2,Байгаа
2.6 сая ₮,Баянзүрх,"60,81",2018,16,14,2,Байхгүй
3.8 сая ₮,Хан-Уул,119,2014,6,4,3,Байгаа
75 сая ₮,Сонгинохайрхан,35,2017,5,4,2,Байхгүй
2.5 сая ₮,Хан-Уул,71.51,2023,14,11,3,Байхгүй
2.6 сая ₮,Баянзүрх,57 мкв,2022,12,5,3,Байхгүй
500 сая ₮,Хан-Уул,141,2018,16,15,6,Байгаа
205 сая ₮,Баянгол,89.9,2004,6,4,3,Байхгүй
210 сая ₮,Баянзүрх,55,2018,16,3,2,Байхгүй
105 сая ₮,Баянгол,40m2,1988,9,6,2,Байхгүй
93 сая ₮,Сүхбаатар,32,2020,14,14,2,Байхгүй
119 сая ₮,Баянгол,44,2022,17,17,2,Байхгүй
82 сая ₮,Баянгол,30,2012,5,3,2,Байхгүй
4.5 сая ₮,Сүхбаатар,85,2009,13,8,5,Байгаа
2.7 сая ₮,Баянгол,40,2008,5,1,3,Байхгүй
2.3 сая ₮,Хан-Уул,53,2022,12,2,6,Байгаа
3.2 сая ₮,Хан-Уул,46.98,2023,13,6,3,Байгаа
3.2 сая ₮,Хан-Уул,"77,88",2023,13,6,5,Байгаа
3.2 сая ₮,Хан-Уул,120,2023,13,6,6,Байгаа
115 сая ₮,Баянзүрх,40,2008,12,12,2,Байхгүй
3.8 сая ₮,Хан-Уул,119,2013,6,4,3,Байгаа
94 сая ₮,Баянзүрх,"33,76",2023,14,9,2,Байхгүй
200 сая ₮,Баянзүрх,"52,74",2022,12,11,2,Байгаа
85 сая ₮,Налайх,56,2017,5,4,3,Байхгүй
79 сая ₮,Баянгол,31,2011,16,11,1,Байхгүй
500 сая ₮,Хан-Уул,141,2019,16,15,4,Байгаа
195 сая ₮,Сонгинохайрхан,81,2010,10,1,5,Байхгүй
201 сая ₮,Баянзүрх,80.5,2010,9,3,3,Байхгүй
3.5 сая ₮,Чингэлтэй,65.20,2006,10,8,3,Байхгүй
188 сая ₮,Баянгол,67.22,2015,16,16,3,Байхгүй
153 сая ₮,Баянзүрх,54.8,2022,16,16,4,Байхгүй
2.5 сая ₮,Сонгинохайрхан,72,2009,7,3,3,Байхгүй
130 сая ₮,Баянзүрх,40,2015,12,1,2,Байхгүй
135 сая ₮,Баянгол,56,2012,16,5,3,Байхгүй
100 сая ₮,Баянгол,45.6,2004,6,2,2,Байхгүй
3.1 сая ₮,Баянзүрх,68.64,2023,16,8,3,Байхгүй
110 сая ₮,Баянгол,43мкв,2011,12,6,2,Байхгүй
135 сая ₮,Баянгол,29,1980,9,6,4,Байхгүй
188 сая ₮,Баянгол,67.22,2015,16,16,3,Байхгүй
96 сая ₮,Сонгинохайрхан,55,2003,5,1,3,Байхгүй
124 сая ₮,Баянгол,29,1985,5,1,4,Байхгүй
160 сая ₮,Баянзүрх,61.54,2017,16,14,2,Байгаа
1.8 сая ₮,Баянзүрх,54.94,2023,16,8,2,Байгаа
120 сая ₮,Сонгинохайрхан,47.19 м²,2014,9,6,3,Байхгүй
130 сая ₮,Сүхбаатар,50,1995,5,2,3,Байхгүй
130 сая ₮,Сүхбаатар,50,1995,5,2,3,Байхгүй
